Ardsley UFSD, http://www.ardsleyschools.org/
Bedford CSD, http://www.bcsdny.org/
Blind Brook UFSD, http://www.blindbrook.org
Briarcliff Manor UFSD, http://www.briarcliffschools.org/
Bronxville UFSD, https://www.bronxvilleschool.org/
Byram Hills CSD, http://www.byramhills.org/
Chappaqua CSD, https://www.ccsd.ws/
Croton-Harmon UFSD, http://www.croton-harmonschools.org/
Dobbs Ferry UFSD, http://www.dfsd.org/
Eastchester UFSD, https://district.eastchesterschools.org/m2/
Edgemont School District, http://www.edgemont.org/
Elmsford Public School District, http://www.eufsd.org
Greenburgh Central 7, https://www.greenburghcsd.org/
Harrison CSD, http://www.harrisoncsd.org/
Hastings-on-Hudson UFSD, http://www.hastings.k12.ny.us/
Hawthorne Cedar Knolls UFSD, http://www.hcks.org/
Hendrick Hudson CSD, https://www.henhudschools.org/
Irvington Unified School District, http://www.irvingtonschools.org/
Katonah-Lewisboro School District, http://www.klschools.org/
Lakeland CSD, http://www.lakelandschools.org/
Mamaroneck UFSD, http://www.mamkschools.org/
Mount Pleasant Blythedale UFSD, http://www.mpbschools.org/
Mount Pleasant Cottage School UFSD, https://www.mpcsny.org/
Mount Pleasant CSD, http://www.mtplcsd.org/
Mount Vernon CSD, http://www.mtvernoncsd.org/
New Rochelle City School District, http://www.nred.org/
North Salem CSD, http://www.northsalemschools.org/
Ossining UFSD, http://www.ossiningufsd.org/
Peekskill City School District, http://www.peekskillcsd.org/
Pelham UFSD, http://www.pelhamschools.org
Pleasantville UFSD, http://www.pleasantvilleschools.com/
Pocantico Hills CSD, http://www.pocanticohills.org/
Port Chester Rye UFSD, http://www.portchesterschools.org/
Rye City School District, http://www.ryeschools.org/
Rye Neck UFSD, http://www.ryeneck.k12.ny.us/
Scarsdale UFSD, http://www.scarsdaleschools.org
Somers CSD, http://www.somersschools.org/
Tuckahoe UFSD, http://www.tuckahoeschools.org/
Tarrytown UFSD, http://www.tufsd.org/
Valhalla UFSD, http://www.valhallaschools.org/
White Plains City School District, https://www.whiteplainspublicschools.org/
Yonkers City School District, http://www.yonkerspublicschools.org/
Yorktown CSD, https://www.yorktown.org/
